[
  {
    "id": "5791d159-9989-4819-8064-d9162b103371",
    "data": [
      {
        "text": "just going to say hi",
        "userDefined": false
      }
    ],
    "isTemplate": false,
    "count": 0,
    "updated": 0
  },
  {
    "id": "80e0aeac-e08e-4f70-9fc8-77e17c35c82d",
    "data": [
      {
        "text": "heya",
        "userDefined": false
      }
    ],
    "isTemplate": false,
    "count": 0,
    "updated": 0
  },
  {
    "id": "794b16e7-64d4-49ba-a78c-c8c4989e2d7d",
    "data": [
      {
        "text": "hello hi",
        "userDefined": false
      }
    ],
    "isTemplate": false,
    "count": 0,
    "updated": 0
  },
  {
    "id": "ff88cf06-9f37-4c7d-9707-4d1d672a4e25",
    "data": [
      {
        "text": "howdy",
        "userDefined": false
      }
    ],
    "isTemplate": false,
    "count": 0,
    "updated": 0
  },
  {
    "id": "3866333a-9de1-4f0d-9354-6fab78589c3c",
    "data": [
      {
        "text": "hey there",
        "userDefined": false
      }
    ],
    "isTemplate": false,
    "count": 0,
    "updated": 0
  },
  {
    "id": "cd369bac-9135-40d2-9cfa-8d76dea6a083",
    "data": [
      {
        "text": "hi there",
        "userDefined": false
      }
    ],
    "isTemplate": false,
    "count": 1,
    "updated": 0
  },
  {
    "id": "a0fd8ba1-e259-40f6-ba0a-1dd7f24d7360",
    "data": [
      {
        "text": "greetings",
        "userDefined": false
      }
    ],
    "isTemplate": false,
    "count": 0,
    "updated": 0
  },
  {
    "id": "a5b96aca-67d8-4f06-9504-85f3fa2e64b0",
    "data": [
      {
        "text": "hey",
        "userDefined": false
      }
    ],
    "isTemplate": false,
    "count": 0,
    "updated": 0
  },
  {
    "id": "ee8872fd-934a-44d4-badb-691d3354c3bb",
    "data": [
      {
        "text": "long time no see",
        "userDefined": false
      }
    ],
    "isTemplate": false,
    "count": 0,
    "updated": 0
  },
  {
    "id": "08555a7b-f3e6-4324-8018-9b2a60f95a05",
    "data": [
      {
        "text": "hello",
        "userDefined": false
      }
    ],
    "isTemplate": false,
    "count": 0,
    "updated": 0
  },
  {
    "id": "7a32e18c-10c4-4821-ba23-f9de6bb08bcb",
    "data": [
      {
        "text": "you there",
        "userDefined": false
      }
    ],
    "isTemplate": false,
    "count": 0,
    "updated": 1542434420
  },
  {
    "id": "4dd58c68-68d3-4e63-bb17-d6365a11d717",
    "data": [
      {
        "text": "dude",
        "userDefined": false
      }
    ],
    "isTemplate": false,
    "count": 0,
    "updated": 1542434420
  },
  {
    "id": "b62de93f-3090-49a7-ba2f-c1de5138904d",
    "data": [
      {
        "text": "yo",
        "userDefined": false
      }
    ],
    "isTemplate": false,
    "count": 0,
    "updated": 1542434420
  },
  {
    "id": "f872ce59-d1b2-40ff-a0fd-ffeeb58b16c6",
    "data": [
      {
        "text": "chicha",
        "userDefined": false
      }
    ],
    "isTemplate": false,
    "count": 0,
    "updated": 1542434420
  },
  {
    "id": "84eb3fd0-1376-46d6-94b1-ab512909470b",
    "data": [
      {
        "text": "lovely day isn\u0027t it",
        "userDefined": false
      }
    ],
    "isTemplate": false,
    "count": 0,
    "updated": 0
  },
  {
    "id": "bc3c4ce3-01a2-4037-96f4-52809d34dacb",
    "data": [
      {
        "text": "I greet you",
        "userDefined": false
      }
    ],
    "isTemplate": false,
    "count": 0,
    "updated": 0
  },
  {
    "id": "c4fc15a6-17bd-41bd-8e27-1ae250dd0f4b",
    "data": [
      {
        "text": "hello again",
        "userDefined": false
      }
    ],
    "isTemplate": false,
    "count": 0,
    "updated": 0
  },
  {
    "id": "7b02d6ef-9b7e-4050-bef4-beb2a13c6031",
    "data": [
      {
        "text": "hi",
        "userDefined": false
      }
    ],
    "isTemplate": false,
    "count": 0,
    "updated": 0
  },
  {
    "id": "dd756bc2-5669-4f73-a536-be6cc1f9ff83",
    "data": [
      {
        "text": "hello there",
        "userDefined": false
      }
    ],
    "isTemplate": false,
    "count": 0,
    "updated": 0
  },
  {
    "id": "c117f153-5a55-4e5e-a087-8f43e6229213",
    "data": [
      {
        "text": "a good day",
        "userDefined": false
      }
    ],
    "isTemplate": false,
    "count": 0,
    "updated": 0
  }
]